COMUNA,PERSONAS,MZ_ENT
13101,421,3
13101,185,4
13101,776,5
13101,416,6
13101,376,7
13101,136,2
13101,283,3
13101,143,4
13101,700,5
13101,732,6
13101,288,7
13101,460,3
13101,91,4
13101,58,5
13101,78,6
13101,463,7
13101,294,8
13101,765,9
13101,1107,1
13101,262,2
13101,289,3
13101,40,4
13101,29,5
13101,94,6
13101,487,1
13101,80,2
13101,657,3
13101,517,4
13101,230,1
13101,723,2
13101,630,3
13101,908,4
13101,157,1
13101,1904,2
13101,869,3
13101,1434,1
13101,305,2
13101,81,3
13101,985,1
13101,1278,2
13101,505,3
13101,101,1
13101,2322,2
13101,353,1
13101,1452,2
13101,21,1
13101,1014,2
13101,261,3
13101,806,1
13101,2159,2
13101,1624,1
13101,950,1
13101,395,2
13101,144,1
13101,61,2
13101,93,3
13101,431,4
13101,1278,5
13101,456,6
13101,92,7
13101,2560,1
13101,1280,1
13101,270,2
13101,624,1
13101,493,2
13101,96,3
13101,43,4
13101,1473,7
13101,1375,901
13101,1736,2
13101,131,4
13101,1324,901
13101,1894,1
13101,1229,1
13101,1518,2
13101,522,1
13101,1930,2
13101,19,1
13101,142,2
13101,517,3
13101,1078,4
13101,42,5
13101,1688,1
13101,1036,2
13101,481,1
13101,1263,4
13101,667,5
13101,8,6
13101,11,901
13101,580,1
13101,2014,2
13101,720,1
13101,75,2
13101,1474,3
13101,785,1
13101,1211,2
13101,1960,1
13101,995,1
13101,682,3
13101,512,1
13101,1347,2
13101,172,1
13101,1398,2
13101,148,3
13101,834,4
13101,751,1
13101,2554,2
13101,127,3
13101,23,901
13101,47,10
13101,614,11
13101,68,12
13101,52,2
13101,84,5
13101,321,6
13101,245,7
13101,605,8
13101,97,9
13101,187,901
13101,82,1
13101,45,2
13101,1488,3
13101,63,4
13101,96,5
13101,2011,1
13101,1612,1
13101,578,2
13101,499,3
13101,800,4
13101,46,5
13101,760,6
13101,130,7
13101,177,2
13101,100,3
13101,1328,5
13101,312,6
13101,178,901
13101,949,1
13101,554,2
13101,1769,3
13101,53,500
13101,3014,502
13101,4682,1
13101,4441,1
13101,135,1
13101,56,2
13101,1393,5
13101,58,6
13101,169,901
13101,1759,1
13101,2004,1
13101,436,2
13101,117,3
13101,1396,4
13101,1025,2
13101,1383,4
13101,34,901
13101,378,1
13101,317,11
13101,1343,12
13101,154,13
13101,183,14
13101,68,3
13101,557,4
13101,99,7
13101,33,8
13101,551,9
13101,1262,1
13101,0,3
13101,0,4
13101,28,6
13101,907,901
13101,272,1
13101,10,10
13101,338,11
13101,828,12
13101,1069,13
13101,37,2
13101,24,3
13101,139,4
13101,0,6
13101,213,8
13101,22,9
13101,3025,1
13101,29,1
13101,35,2
13101,17,3
13101,1802,4
13101,1575,5
13101,173,6
13101,76,1
13101,123,10
13101,168,11
13101,102,12
13101,1817,13
13101,40,14
13101,55,15
13101,63,16
13101,199,17
13101,29,18
13101,96,19
13101,95,2
13101,81,20
13101,65,21
13101,56,22
13101,131,23
13101,137,24
13101,94,25
13101,113,3
13101,204,4
13101,77,5
13101,59,6
13101,142,7
13101,113,8
13101,238,9
13101,37,10
13101,72,11
13101,90,12
13101,568,13
13101,84,14
13101,56,15
13101,41,2
13101,449,4
13101,890,5
13101,239,6
13101,410,7
13101,16,8
13101,84,9
13101,12,901
13101,1500,1
13101,34,2
13101,26,3
13101,1764,4
13101,514,5
13101,83,6
13101,58,7
13101,88,8
13101,118,1
13101,96,10
13101,1279,12
13101,177,13
13101,109,14
13101,77,15
13101,45,16
13101,293,17
13101,81,18
13101,27,19
13101,196,2
13101,444,20
13101,163,21
13101,87,3
13101,56,4
13101,49,5
13101,153,6
13101,1108,7
13101,158,8
13101,81,9
13101,645,1
13101,212,2
13101,83,3
13101,52,4
13101,744,5
13101,1095,6
13101,838,7
13101,246,8
13101,120,1
13101,129,10
13101,384,11
13101,118,12
13101,24,13
13101,528,14
13101,785,15
13101,43,2
13101,360,3
13101,20,4
13101,48,5
13101,498,6
13101,43,7
13101,110,8
13101,434,9
13101,151,1
13101,395,10
13101,87,11
13101,46,12
13101,145,3
13101,217,4
13101,781,5
13101,49,6
13101,57,7
13101,46,9
13101,64,901
13101,61,1
13101,31,2
13101,2431,3
13101,114,4
13101,48,1
13101,76,10
13101,50,11
13101,119,12
13101,73,13
13101,54,14
13101,81,15
13101,38,16
13101,54,17
13101,19,18
13101,173,19
13101,236,2
13101,84,20
13101,143,21
13101,130,22
13101,121,23
13101,140,24
13101,109,25
13101,67,26
13101,76,27
13101,67,28
13101,124,29
13101,1523,3
13101,45,30
13101,63,31
13101,86,32
13101,33,33
13101,104,34
13101,69,35
13101,101,36
13101,95,37
13101,817,4
13101,109,5
13101,78,6
13101,41,7
13101,48,8
13101,47,9
13101,176,1
13101,100,2
13101,3792,3
13101,1263,4
13101,91,1
13101,152,10
13101,25,11
13101,78,12
13101,153,13
13101,129,14
13101,125,15
13101,92,16
13101,122,17
13101,161,18
13101,81,19
13101,81,2
13101,57,20
13101,96,21
13101,117,22
13101,35,23
13101,92,24
13101,78,25
13101,28,26
13101,24,27
13101,821,29
13101,86,3
13101,78,30
13101,69,31
13101,69,36
13101,97,37
13101,95,38
13101,146,39
13101,636,4
13101,85,40
13101,47,41
13101,39,42
13101,39,43
13101,79,44
13101,85,46
13101,105,47
13101,71,48
13101,114,49
13101,100,50
13101,54,500
13101,95,501
13101,70,51
13101,100,52
13101,176,53
13101,47,54
13101,8,6
13101,72,7
13101,189,8
13101,131,9
13101,18,901
13101,57,1
13101,97,10
13101,131,11
13101,130,12
13101,80,13
13101,66,14
13101,29,15
13101,102,16
13101,37,17
13101,116,18
13101,113,19
13101,1658,2
13101,166,20
13101,118,3
13101,23,4
13101,65,5
13101,72,6
13101,97,7
13101,81,8
13101,425,9
13101,52,1
13101,141,10
13101,73,11
13101,92,12
13101,103,13
13101,74,14
13101,92,15
13101,53,16
13101,62,17
13101,60,18
13101,54,19
13101,47,20
13101,193,21
13101,71,23
13101,22,24
13101,112,26
13101,79,27
13101,107,28
13101,74,29
13101,78,3
13101,114,30
13101,102,31
13101,43,32
13101,82,4
13101,95,5
13101,108,6
13101,53,7
13101,115,8
13101,104,9
13101,100,901
13101,29,1
13101,33,10
13101,265,11
13101,1948,13
13101,57,14
13101,175,16
13101,119,17
13101,120,2
13101,142,3
13101,668,4
13101,124,5
13101,94,6
13101,72,7
13101,78,8
13101,183,9
13101,163,901
13101,472,1
13101,187,10
13101,150,11
13101,275,12
13101,612,13
13101,64,14
13101,195,15
13101,126,16
13101,324,2
13101,497,3
13101,510,4
13101,102,5
13101,145,6
13101,211,7
13101,10,8
13101,180,9
13101,268,1
13101,89,10
13101,394,11
13101,76,12
13101,102,13
13101,251,14
13101,468,15
13101,17,16
13101,65,17
13101,39,18
13101,98,19
13101,173,2
13101,259,20
13101,411,21
13101,233,22
13101,85,23
13101,485,24
13101,410,25
13101,274,26
13101,93,3
13101,177,4
13101,112,5
13101,125,6
13101,61,7
13101,97,8
13101,53,9
13101,90,1
13101,316,10
13101,46,11
13101,57,12
13101,663,13
13101,360,14
13101,45,15
13101,9,16
13101,94,17
13101,77,18
13101,100,19
13101,92,2
13101,106,20
13101,122,21
13101,70,22
13101,68,3
13101,48,4
13101,768,5
13101,225,6
13101,673,7
13101,157,8
13101,593,9
13101,530,1
13101,113,2
13101,20,3
13101,4115,4
13101,268,5
13101,89,6
13101,136,7
13101,87,8
13101,204,9
13101,72,10
13101,233,14
13101,1260,8
13101,1235,9
13101,648,901
13101,2168,1
13101,688,2
13101,1166,1
13101,1602,2
13101,966,1
13101,327,10
13101,1364,11
13101,95,12
13101,9,13
13101,26,2
13101,308,3
13101,184,5
13101,0,9
13101,76,10
13101,167,11
13101,316,12
13101,0,15
13101,57,16
13101,36,17
13101,32,19
13101,11,2
13101,15,25
13101,37,29
13101,74,3
13101,84,32
13101,308,33
13101,115,34
13101,247,35
13101,28,38
13101,14,40
13101,69,45
13101,41,46
13101,522,9
13101,9,901
13101,1653,1
13101,825,2
13101,75,1
13101,80,3
13101,880,4
13101,349,5
13101,451,6
13101,12,7
13101,251,9
13101,228,901
13101,165,3
13101,60,8
13101,1316,901
13101,62,1
13101,131,10
13101,91,11
13101,115,12
13101,31,13
13101,67,14
13101,137,15
13101,95,16
13101,154,17
13101,102,18
13101,124,19
13101,123,2
13101,77,20
13101,80,21
13101,38,22
13101,55,23
13101,44,24
13101,55,25
13101,82,26
13101,46,27
13101,773,29
13101,98,3
13101,91,4
13101,56,5
13101,38,6
13101,49,7
13101,47,8
13101,52,901
13101,105,1
13101,58,10
13101,43,11
13101,32,12
13101,9,13
13101,39,14
13101,43,17
13101,47,18
13101,61,19
13101,42,2
13101,84,20
13101,54,21
13101,71,22
13101,101,23
13101,166,24
13101,61,25
13101,26,27
13101,139,28
13101,48,29
13101,87,30
13101,98,31
13101,49,32
13101,73,33
13101,104,34
13101,17,35
13101,30,36
13101,9,37
13101,13,38
13101,38,39
13101,15,4
13101,58,5
13101,45,6
13101,23,7
13101,28,8
13101,36,9
13101,10,901
13101,106,1
13101,245,10
13101,73,11
13101,56,12
13101,102,13
13101,66,14
13101,77,15
13101,105,16
13101,46,17
13101,109,18
13101,88,19
13101,61,2
13101,76,20
13101,227,21
13101,93,22
13101,93,23
13101,122,24
13101,37,25
13101,98,26
13101,92,27
13101,76,28
13101,98,29
13101,33,3
13101,63,30
13101,74,31
13101,146,32
13101,210,4
13101,72,5
13101,68,6
13101,104,7
13101,78,8
13101,80,9
13101,30,1
13101,74,10
13101,93,11
13101,294,12
13101,76,13
13101,58,14
13101,71,15
13101,224,16
13101,73,17
13101,200,18
13101,128,19
13101,99,2
13101,191,20
13101,55,21
13101,70,22
13101,30,23
13101,78,26
13101,292,27
13101,303,28
13101,150,29
13101,510,3
13101,74,30
13101,51,31
13101,91,32
13101,16,33
13101,101,4
13101,251,5
13101,89,500
13101,128,7
13101,134,8
13101,118,9
13101,146,10
13101,189,11
13101,57,15
13101,108,16
13101,144,17
13101,121,18
13101,1150,2
13101,0,22
13101,112,23
13101,70,24
13101,62,25
13101,745,27
13101,90,3
13101,65,4
13101,87,5
13101,116,6
13101,40,7
13101,35,8
13101,63,9
13101,4,1
13101,146,10
13101,9197,12
13101,76,2
13101,446,3
13101,256,4
13101,688,5
13101,134,6
13101,50,7
13101,19,8
13101,15,9
13101,183,1
13101,64,11
13101,74,12
13101,92,13
13101,182,14
13101,102,15
13101,62,16
13101,275,17
13101,243,18
13101,5,2
13101,311,3
13101,57,4
13101,296,5
13101,549,6
13101,196,7
13101,767,9
13101,77,901
13101,94,1
13101,81,10
13101,50,12
13101,51,13
13101,62,15
13101,74,16
13101,56,17
13101,139,18
13101,182,19
13101,93,2
13101,382,20
13101,72,21
13101,105,22
13101,83,23
13101,66,24
13101,163,25
13101,205,26
13101,57,28
13101,102,3
13101,194,31
13101,114,32
13101,106,33
13101,122,34
13101,150,35
13101,109,4
13101,84,5
13101,84,6
13101,25,7
13101,106,8
13101,79,9
13101,129,901
13101,620,1
13101,79,10
13101,114,11
13101,103,12
13101,116,13
13101,91,14
13101,133,15
13101,86,16
13101,62,17
13101,112,18
13101,144,19
13101,119,2
13101,79,22
13101,67,23
13101,67,24
13101,100,25
13101,93,26
13101,73,27
13101,30,28
13101,202,29
13101,81,3
13101,80,30
13101,93,31
13101,110,33
13101,97,34
13101,137,35
13101,81,36
13101,101,37
13101,69,38
13101,102,4
13101,296,40
13101,181,41
13101,130,42
13101,62,43
13101,138,5
13101,80,6
13101,28,7
13101,181,8
13101,72,9
13101,218,901
13101,57,1
13101,74,10
13101,136,11
13101,93,12
13101,71,13
13101,23,15
13101,46,16
13101,100,17
13101,75,18
13101,93,19
13101,126,2
13101,244,20
13101,154,21
13101,90,22
13101,86,23
13101,187,24
13101,43,25
13101,131,27
13101,82,28
13101,158,30
13101,113,31
13101,169,32
13101,283,33
13101,109,34
13101,88,35
13101,240,36
13101,56,37
13101,86,38
13101,50,39
13101,38,4
13101,156,40
13101,250,41
13101,78,42
13101,63,43
13101,257,44
13101,134,45
13101,237,46
13101,77,47
13101,143,5
13101,156,6
13101,184,7
13101,81,9
13101,33,901
13101,39,10
13101,361,13
13101,0,16
13101,30,17
13101,53,18
13101,33,19
13101,45,20
13101,31,21
13101,17,23
13101,35,24
13101,56,25
13101,50,26
13101,43,27
13101,97,28
13101,26,29
13101,138,30
13101,62,31
13101,122,32
13101,210,33
13101,623,34
13101,290,35
13101,46,37
13101,93,38
13101,36,39
13101,12,4
13101,27,5
13101,3,6
13101,252,8
13101,55,9
13101,30,901
13101,501,1
13101,142,10
13101,70,11
13101,172,12
13101,25,13
13101,639,14
13101,316,15
13101,463,16
13101,291,17
13101,240,2
13101,23,4
13101,26,5
13101,83,6
13101,107,7
13101,229,8
13101,670,901
13101,199,1
13101,268,10
13101,1525,11
13101,16,2
13101,583,3
13101,37,4
13101,59,5
13101,47,7
13101,390,8
13101,348,9
13101,138,1
13101,137,10
13101,50,11
13101,31,12
13101,42,13
13101,1014,2
13101,70,3
13101,36,4
13101,70,5
13101,373,6
13101,111,7
13101,1032,8
13101,306,9
13101,1549,1
13101,100,2
13101,104,3
13101,66,4
13101,263,5
13101,1522,6
13101,148,7
13101,62,8
13101,148,1
13101,641,2
13101,252,3
13101,177,4
13101,761,1
13101,680,2
13101,34,3
13101,203,4
13101,42,5
13101,124,6
13101,561,7
13101,444,8
13101,1172,1
13101,1325,2
13101,549,3
13101,221,4
13101,85,5
13101,51,2
13101,0,3
13101,632,5
13101,761,6
13101,323,901
13101,460,1
13101,136,2
13101,594,3
13101,483,4
13101,429,5
13101,328,6
13101,76,7
13101,734,8
13101,771,1
13101,1939,2
13101,943,1
13101,21,2
13101,52,3
13101,1622,4
13101,639,5
13101,3368,1
13101,232,3
13101,964,700
13101,1386,701
13101,569,1
13101,2022,2
13101,1553,3
13101,705,4
13101,106,5
13101,839,1
13101,2094,2
13101,378,3
13101,592,4
13101,343,1
13101,1448,2
13101,1153,1
13101,494,2
13101,31,3
13101,19,4
13101,0,1
13101,728,2
13101,271,3
13101,518,4
13101,483,5
13101,973,6
13101,423,1
13101,276,2
13101,362,3
13101,540,4
13101,655,5
13101,302,6
13101,158,8
13101,74,9
13101,577,1
13101,52,10
13101,92,11
13101,232,12
13101,30,13
13101,95,14
13101,656,2
13101,68,3
13101,54,5
13101,206,6
13101,19,7
13101,0,9
13101,587,901
13101,820,1
13101,751,2
13101,958,3
13101,200,4
13101,514,1
13101,276,10
13101,209,2
13101,185,3
13101,512,4
13101,482,5
13101,398,6
13101,252,8
13101,82,1
13101,37,10
13101,91,11
13101,36,12
13101,181,2
13101,310,3
13101,484,4
13101,752,5
13101,219,6
13101,200,7
13101,47,8
13101,111,9
13101,65,1
13101,89,10
13101,1178,2
13101,331,3
13101,487,4
13101,40,5
13101,71,6
13101,688,7
13101,49,8
13101,137,9
13101,57,10
13101,165,11
13101,45,12
13101,48,15
13101,342,16
13101,78,17
13101,670,18
13101,238,19
13101,350,2
13101,253,20
13101,53,21
13101,334,22
13101,172,23
13101,36,24
13101,124,3
13101,0,4
13101,58,5
13101,259,6
13101,174,7
13101,832,8
13101,48,9
13101,88,901
13101,148,1
13101,316,10
13101,203,11
13101,115,2
13101,64,3
13101,154,4
13101,484,5
13101,56,6
13101,114,7
13101,319,8
13101,382,9
13101,94,1
13101,102,10
13101,641,11
13101,542,12
13101,628,13
13101,237,14
13101,109,2
13101,407,3
13101,202,4
13101,443,5
13101,402,700
13101,45,8
13101,116,9
13101,42,1
13101,0,10
13101,525,11
13101,82,13
13101,189,14
13101,214,15
13101,269,16
13101,319,2
13101,632,3
13101,313,4
13101,563,5
13101,397,6
13101,473,7
13101,204,8
13101,521,9
13101,4,901
13101,105,1
13101,249,10
13101,133,11
13101,192,12
13101,218,13
13101,118,14
13101,209,16
13101,107,17
13101,44,18
13101,87,2
13101,222,3
13101,277,4
13101,183,5
13101,191,6
13101,133,7
13101,136,8
13101,180,9
13101,80,901
13101,1331,10
13101,554,11
13101,187,12
13101,42,13
13101,39,14
13101,380,15
13101,1086,16
13101,764,2
13101,64,3
13101,52,4
13101,109,5
13101,32,6
13101,159,7
13101,67,8
13101,143,9
13101,96,10
13101,63,11
13101,108,12
13101,54,13
13101,78,14
13101,758,15
13101,136,16
13101,221,17
13101,590,18
13101,195,19
13101,246,2
13101,35,20
13101,113,3
13101,108,4
13101,104,5
13101,176,6
13101,99,7
13101,189,8
13101,142,9
13101,1348,1
13101,383,2
13101,627,3
13101,40,4
13101,55,5
13101,367,6
13101,23,7
13101,146,8
13101,379,9
13101,1307,2
13101,18,3
13101,23,4
13101,2005,5
13101,84,6
13101,259,7
13101,20,901
13101,75,1
13101,224,10
13101,185,11
13101,115,12
13101,96,13
13101,468,14
13101,256,15
13101,527,16
13101,512,17
13101,635,18
13101,79,19
13101,157,2
13101,138,20
13101,395,21
13101,112,22
13101,237,23
13101,144,3
13101,119,4
13101,45,5
13101,112,6
13101,148,7
13101,139,8
13101,326,9
13101,76,10
13101,105,11
13101,1037,12
13101,59,13
13101,42,14
13101,49,16
13101,212,17
13101,244,18
13101,26,2
13101,73,3
13101,14,5
13101,37,6
13101,188,7
13101,1059,8
13101,76,9
13101,29,901
13101,662,1
13101,603,2
13101,611,3
13101,297,4
13101,134,5
13101,181,6
13101,127,7
13101,179,8
13101,515,10
13101,99,11
13101,174,12
13101,199,13
13101,143,14
13101,205,15
13101,143,16
13101,62,17
13101,150,18
13101,139,19
13101,85,20
13101,119,21
13101,142,22
13101,6,23
13101,294,24
13101,92,25
13101,0,26
13101,569,6
13101,7,7
13101,152,8
13101,88,9
13101,10,901
13101,1358,1
13101,52,2
13101,75,3
13101,41,4
13101,418,7
13101,340,8
13101,444,9
13101,593,901
13101,937,1
13101,118,2
13101,1723,3
13101,14,4
13101,286,5
13101,132,901
13101,72,1
13101,108,10
13101,20,11
13101,152,12
13101,83,16
13101,118,17
13101,298,18
13101,341,19
13101,37,2
13101,729,20
13101,111,3
13101,57,4
13101,67,5
13101,339,6
13101,194,7
13101,103,8
13101,84,9
13101,43,901
13101,1648,999
13114,0,10
13114,949,500
13114,145,7
13114,156,8
13114,990,9
13114,1759,901
13114,330,1
13114,651,10
13114,33,12
13114,47,13
13114,552,14
13114,203,2
13114,612,3
13114,86,4
13114,85,5
13114,78,6
13114,72,7
13114,639,8
13114,643,9
13114,330,1
13114,322,10
13114,102,11
13114,187,13
13114,194,14
13114,146,15
13114,281,500
13114,862,7
13114,752,8
13114,560,1
13114,185,4
13114,334,5
13114,259,6
13114,48,901
13114,2220,1
13114,1719,1
13114,56,2
13114,429,2
13114,332,3
13114,388,4
13114,125,5
13114,1457,6
13114,2701,1
13114,1208,2
13114,99,10
13114,127,11
13114,31,12
13114,213,13
13114,91,14
13114,704,15
13114,394,3
13114,1274,4
13114,483,5
13114,97,7
13114,72,8
13114,80,9
13114,3317,1
13114,578,2
13114,1988,1
13114,201,10
13114,60,2
13114,36,4
13114,59,5
13114,573,6
13114,62,7
13114,339,8
13114,163,9
13114,23,1
13114,16,2
13114,1793,3
13114,1395,4
13114,521,5
13114,575,1
13114,64,10
13114,74,11
13114,96,12
13114,285,13
13114,275,14
13114,64,15
13114,98,16
13114,226,17
13114,227,18
13114,86,19
13114,503,2
13114,350,20
13114,203,22
13114,90,23
13114,96,24
13114,266,25
13114,61,26
13114,532,3
13114,78,5
13114,30,7
13114,47,8
13114,35,901
13114,314,1
13114,80,10
13114,184,11
13114,309,12
13114,251,13
13114,47,14
13114,416,15
13114,35,16
13114,744,17
13114,97,18
13114,356,19
13114,154,2
13114,485,20
13114,14,21
13114,33,22
13114,61,3
13114,339,4
13114,373,5
13114,175,7
13114,145,8
13114,200,9
13114,502,1
13114,62,2
13114,54,3
13114,74,4
13114,223,5
13114,323,6
13114,76,7
13114,65,8
13114,2049,9
13114,167,1
13114,188,2
13114,121,3
13114,223,6
13114,66,7
13114,91,8
13114,2540,9
13114,343,901
13114,73,1
13114,69,10
13114,98,11
13114,77,12
13114,51,13
13114,172,14
13114,89,15
13114,2784,16
13114,82,2
13114,26,3
13114,35,4
13114,44,5
13114,43,6
13114,59,7
13114,78,8
13114,98,9
13114,79,10
13114,98,11
13114,79,12
13114,593,13
13114,25,2
13114,130,3
13114,490,4
13114,313,5
13114,140,6
13114,542,7
13114,323,8
13114,133,9
13114,101,1
13114,267,2
13114,1311,3
13114,292,4
13114,103,5
13114,335,6
13114,132,7
13114,180,8
13114,1271,1
13114,31,10
13114,762,11
13114,114,3
13114,159,5
13114,143,6
13114,155,8
13114,437,9
13114,408,1
13114,330,10
13114,278,3
13114,384,4
13114,563,7
13114,401,8
13114,475,9
13114,76,901
13114,83,1
13114,49,10
13114,68,11
13114,45,12
13114,59,13
13114,36,14
13114,314,15
13114,355,16
13114,187,17
13114,350,18
13114,16,19
13114,95,2
13114,223,21
13114,93,22
13114,108,23
13114,114,24
13114,502,25
13114,0,26
13114,69,3
13114,60,4
13114,81,5
13114,34,6
13114,70,7
13114,79,8
13114,103,9
13114,369,1
13114,1173,2
13114,1566,3
13114,96,6
13114,79,7
13114,116,8
13114,11,9
13114,298,901
13114,844,1
13114,487,2
13114,1188,3
13114,312,4
13114,490,5
13114,591,1
13114,73,10
13114,0,2
13114,1325,4
13114,46,5
13114,60,6
13114,54,7
13114,66,8
13114,79,10
13114,55,11
13114,89,12
13114,256,13
13114,0,17
13114,30,18
13114,77,19
13114,10,2
13114,1286,21
13114,58,3
13114,103,4
13114,178,5
13114,783,500
13114,14,6
13114,34,7
13114,147,8
13114,193,9
13114,1214,1
13114,491,2
13114,432,3
13114,147,4
13114,219,5
13114,77,6
13114,97,8
13114,37,9
13114,450,1
13114,2926,2
13114,157,1
13114,120,2
13114,74,5
13114,110,6
13114,39,7
13114,1797,8
13114,133,1
13114,368,2
13114,729,3
13114,419,4
13114,715,5
13114,1099,1
13114,791,2
13114,90,1
13114,631,5
13114,296,500
13114,572,501
13114,448,502
13114,64,6
13114,245,2
13114,1663,3
13114,516,4
13114,182,5
13114,78,6
13114,318,1
13114,354,11
13114,166,12
13114,115,14
13114,208,15
13114,228,16
13114,126,17
13114,589,2
13114,400,3
13114,288,4
13114,132,5
13114,91,6
13114,295,8
13114,1028,1
13114,30,10
13114,77,11
13114,224,12
13114,578,2
13114,636,3
13114,639,4
13114,121,9
13114,335,1
13114,85,10
13114,118,11
13114,25,12
13114,101,13
13114,102,14
13114,0,15
13114,0,16
13114,0,17
13114,140,2
13114,42,3
13114,616,4
13114,367,500
13114,244,7
13114,408,8
13114,181,9
13114,109,1
13114,427,10
13114,392,11
13114,313,12
13114,56,13
13114,52,14
13114,55,2
13114,223,3
13114,279,4
13114,182,5
13114,491,6
13114,154,7
13114,186,8
13114,267,10
13114,39,12
13114,69,13
13114,0,14
13114,69,15
13114,226,16
13114,519,17
13114,29,18
13114,105,7
13114,369,8
13114,315,9
13114,494,901
13114,131,10
13114,200,11
13114,167,12
13114,85,13
13114,263,14
13114,8,15
13114,71,16
13114,63,17
13114,125,2
13114,118,20
13114,85,21
13114,117,22
13114,385,23
13114,78,24
13114,59,25
13114,359,26
13114,417,29
13114,97,3
13114,51,30
13114,369,31
13114,187,32
13114,946,34
13114,266,35
13114,198,36
13114,75,37
13114,79,39
13114,143,40
13114,99,5
13114,114,6
13114,107,7
13114,111,8
13114,76,9
13114,62,901
13114,61,1
13114,214,10
13114,205,11
13114,174,12
13114,83,13
13114,59,14
13114,135,15
13114,144,16
13114,84,17
13114,101,18
13114,78,2
13114,88,20
13114,103,21
13114,68,22
13114,74,23
13114,287,24
13114,163,26
13114,111,27
13114,108,28
13114,101,29
13114,78,3
13114,992,30
13114,86,4
13114,98,5
13114,55,6
13114,63,7
13114,60,8
13114,51,9
13114,141,1
13114,1357,13
13114,312,14
13114,98,15
13114,336,16
13114,597,17
13114,562,18
13114,573,19
13114,560,20
13114,450,21
13114,40,22
13114,179,3
13114,776,500
13114,126,8
13114,153,9
13114,127,1
13114,218,10
13114,192,11
13114,79,14
13114,385,15
13114,142,16
13114,84,17
13114,131,18
13114,202,19
13114,60,2
13114,197,20
13114,259,21
13114,132,3
13114,334,4
13114,135,6
13114,131,7
13114,146,9
13114,236,901
13114,324,1
13114,190,10
13114,218,11
13114,116,12
13114,50,13
13114,80,14
13114,93,15
13114,77,16
13114,82,17
13114,93,18
13114,71,19
13114,217,2
13114,77,21
13114,72,22
13114,81,23
13114,85,24
13114,44,25
13114,67,26
13114,47,27
13114,64,28
13114,108,29
13114,394,3
13114,96,30
13114,62,31
13114,181,32
13114,58,33
13114,58,34
13114,65,35
13114,268,36
13114,13,4
13114,73,40
13114,148,42
13114,76,43
13114,65,44
13114,52,45
13114,69,46
13114,86,47
13114,45,48
13114,61,49
13114,242,5
13114,61,50
13114,349,51
13114,42,52
13114,116,53
13114,508,54
13114,53,55
13114,492,56
13114,303,6
13114,243,7
13114,433,8
13114,147,9
13114,455,1
13114,146,10
13114,57,11
13114,76,12
13114,114,13
13114,1019,15
13114,675,17
13114,129,18
13114,96,19
13114,32,2
13114,86,20
13114,47,22
13114,83,23
13114,114,24
13114,140,25
13114,141,26
13114,132,27
13114,74,28
13114,259,3
13114,28,34
13114,227,36
13114,56,4
13114,41,5
13114,22,501
13114,552,6
13114,287,8
13114,67,9
13114,215,901
13114,114,1
13114,110,10
13114,443,11
13114,105,12
13114,112,13
13114,95,14
13114,117,15
13114,48,16
13114,0,17
13114,37,18
13114,218,19
13114,99,2
13114,126,20
13114,133,21
13114,23,22
13114,69,23
13114,57,24
13114,41,25
13114,65,26
13114,44,27
13114,30,28
13114,89,29
13114,200,3
13114,21,30
13114,44,31
13114,127,32
13114,92,33
13114,78,34
13114,59,36
13114,72,37
13114,80,39
13114,15,4
13114,187,41
13114,59,43
13114,72,44
13114,51,45
13114,744,47
13114,23,5
13114,232,50
13114,23,6
13114,114,7
13114,99,8
13114,108,9
13114,128,1
13114,39,10
13114,38,11
13114,112,12
13114,101,13
13114,125,14
13114,223,15
13114,169,16
13114,133,17
13114,63,18
13114,88,19
13114,18,2
13114,94,20
13114,87,21
13114,37,22
13114,87,23
13114,70,24
13114,82,25
13114,102,26
13114,89,27
13114,128,28
13114,98,29
13114,235,3
13114,119,30
13114,173,31
13114,145,32
13114,54,33
13114,51,34
13114,94,35
13114,151,36
13114,83,37
13114,44,38
13114,109,4
13114,198,5
13114,125,7
13114,108,8
13114,20,9
13114,82,1
13114,390,10
13114,145,2
13114,179,3
13114,175,4
13114,75,5
13114,22,6
13114,293,7
13114,430,8
13114,459,9
13114,180,1
13114,95,10
13114,253,11
13114,279,12
13114,193,14
13114,88,16
13114,78,17
13114,282,18
13114,208,2
13114,371,3
13114,427,4
13114,396,5
13114,530,6
13114,550,7
13114,137,9
13114,408,901
13114,94,1
13114,356,10
13114,1035,11
13114,300,12
13114,138,13
13114,104,14
13114,315,15
13114,109,16
13114,97,17
13114,96,19
13114,47,2
13114,59,20
13114,109,21
13114,126,22
13114,32,23
13114,23,24
13114,28,25
13114,141,3
13114,29,4
13114,28,5
13114,23,6
13114,39,7
13114,668,8
13114,50,9
13114,145,10
13114,157,12
13114,514,13
13114,18,14
13114,59,16
13114,544,17
13114,71,18
13114,806,3
13114,328,4
13114,280,5
13114,307,6
13114,516,8
13114,106,9
13114,109,10
13114,96,11
13114,114,12
13114,127,13
13114,94,14
13114,15,15
13114,60,16
13114,83,17
13114,193,18
13114,60,19
13114,47,20
13114,112,21
13114,415,23
13114,496,25
13114,1066,26
13114,141,27
13114,154,28
13114,168,4
13114,144,6
13114,63,7
13114,45,8
13114,77,9
13114,108,901
13114,647,10
13114,516,11
13114,88,12
13114,204,13
13114,60,14
13114,111,15
13114,74,16
13114,71,17
13114,59,18
13114,54,20
13114,42,21
13114,90,22
13114,201,4
13114,37,5
13114,26,6
13114,55,7
13114,58,8
13114,207,9
13114,423,10
13114,65,11
13114,32,12
13114,23,13
13114,27,14
13114,50,15
13114,21,17
13114,29,18
13114,16,19
13114,969,2
13114,29,20
13114,43,21
13114,26,22
13114,29,23
13114,146,24
13114,28,25
13114,33,27
13114,132,28
13114,550,3
13114,88,4
13114,73,5
13114,466,6
13114,449,7
13114,60,8
13114,78,9
13114,118,1
13114,29,10
13114,30,11
13114,39,13
13114,57,14
13114,34,15
13114,22,16
13114,19,17
13114,121,18
13114,26,19
13114,19,2
13114,46,20
13114,37,21
13114,39,22
13114,32,23
13114,44,24
13114,50,25
13114,233,27
13114,58,28
13114,89,29
13114,56,3
13114,83,30
13114,63,31
13114,44,32
13114,162,33
13114,339,4
13114,62,5
13114,589,6
13114,33,7
13114,348,8
13114,29,9
13114,34,901
13114,49,1
13114,162,10
13114,68,11
13114,69,12
13114,43,13
13114,25,15
13114,118,16
13114,59,17
13114,40,18
13114,60,19
13114,80,2
13114,64,20
13114,53,21
13114,42,22
13114,52,23
13114,58,24
13114,43,25
13114,46,27
13114,62,28
13114,62,29
13114,45,3
13114,118,30
13114,28,32
13114,27,33
13114,89,34
13114,33,35
13114,30,36
13114,46,37
13114,67,38
13114,55,39
13114,48,4
13114,51,40
13114,41,41
13114,49,42
13114,41,43
13114,14,5
13114,527,6
13114,78,7
13114,142,8
13114,100,9
13114,31,1
13114,42,10
13114,61,11
13114,34,13
13114,247,14
13114,54,15
13114,127,16
13114,172,17
13114,60,18
13114,151,19
13114,546,2
13114,175,20
13114,252,21
13114,81,22
13114,51,23
13114,46,24
13114,53,25
13114,50,26
13114,128,27
13114,699,28
13114,80,3
13114,74,4
13114,76,5
13114,47,6
13114,36,8
13114,59,9
13114,42,1
13114,176,10
13114,274,2
13114,391,3
13114,439,4
13114,176,5
13114,403,6
13114,337,7
13114,371,8
13114,354,9
13114,286,1
13114,338,2
13114,463,3
13114,301,4
13114,411,5
13114,286,6
13114,417,7
13114,264,8
13114,218,9
13114,924,1
13114,0,2
13114,109,3
13114,518,5
13114,274,6
13114,658,7
13114,498,1
13114,66,2
13114,301,3
13114,410,4
13114,32,5
13114,560,6
13114,639,1
13114,300,10
13114,128,11
13114,27,12
13114,98,13
13114,50,14
13114,166,15
13114,80,16
13114,36,17
13114,123,18
13114,584,2
13114,56,20
13114,84,21
13114,79,22
13114,59,23
13114,25,24
13114,62,25
13114,141,26
13114,111,27
13114,156,28
13114,101,29
13114,831,3
13114,238,30
13114,264,31
13114,153,4
13114,54,5
13114,24,6
13114,35,7
13114,31,8
13114,53,9
13114,74,1
13114,129,10
13114,27,11
13114,67,12
13114,95,13
13114,103,14
13114,558,15
13114,64,16
13114,545,17
13114,181,18
13114,80,19
13114,50,20
13114,28,21
13114,38,22
13114,64,23
13114,81,25
13114,76,26
13114,58,27
13114,59,28
13114,68,29
13114,142,3
13114,82,30
13114,24,31
13114,231,32
13114,49,33
13114,63,34
13114,83,35
13114,87,37
13114,66,38
13114,225,39
13114,327,4
13114,403,5
13114,45,6
13114,165,7
13114,318,8
13114,260,9
13114,46,11
13114,379,12
13114,92,13
13114,436,14
13114,75,15
13114,139,16
13114,433,17
13114,52,19
13114,143,2
13114,46,21
13114,34,24
13114,329,25
13114,57,26
13114,80,27
13114,34,3
13114,441,4
13114,709,5
13114,387,500
13114,1440,8
13114,166,9
13114,797,901
13114,223,1
13114,0,10
13114,106,11
13114,91,12
13114,187,13
13114,264,14
13114,174,15
13114,92,16
13114,439,17
13114,659,18
13114,1056,19
13114,181,2
13114,47,3
13114,339,4
13114,27,5
13114,53,6
13114,71,7
13114,49,8
13114,115,9
13114,211,10
13114,166,11
13114,2543,12
13114,470,13
13114,14,14
13114,127,2
13114,49,4
13114,26,5
13114,71,500
13114,24,6
13114,364,7
13114,146,9
13114,11,1
13114,556,2
13114,937,3
13114,795,4
13114,64,5
13114,369,6
13114,106,7
13114,155,1
13114,31,10
13114,18,11
13114,34,12
13114,1113,13
13114,70,14
13114,53,15
13114,50,16
13114,90,17
13114,82,18
13114,27,19
13114,0,2
13114,22,20
13114,23,21
13114,182,22
13114,59,23
13114,32,24
13114,40,25
13114,171,26
13114,43,27
13114,136,28
13114,400,3
13114,63,5
13114,22,6
13114,34,7
13114,56,8
13114,30,9
13114,72,1
13114,71,10
13114,67,11
13114,89,12
13114,81,13
13114,86,14
13114,86,15
13114,104,16
13114,79,17
13114,80,18
13114,410,19
13114,94,2
13114,242,20
13114,34,21
13114,46,22
13114,53,23
13114,48,24
13114,66,25
13114,144,26
13114,114,27
13114,96,28
13114,69,29
13114,63,3
13114,64,30
13114,76,31
13114,147,32
13114,74,33
13114,53,34
13114,57,35
13114,79,36
13114,44,38
13114,54,39
13114,169,4
13114,52,40
13114,81,41
13114,69,5
13114,75,6
13114,125,7
13114,68,8
13114,71,901
13114,424,1
13114,57,10
13114,68,11
13114,81,12
13114,74,13
13114,76,14
13114,27,15
13114,55,16
13114,51,17
13114,79,18
13114,77,19
13114,48,2
13114,82,20
13114,73,21
13114,81,22
13114,79,23
13114,84,24
13114,96,25
13114,78,26
13114,92,27
13114,75,28
13114,63,29
13114,73,3
13114,32,30
13114,107,31
13114,33,32
13114,69,33
13114,62,34
13114,64,36
13114,86,39
13114,67,4
13114,72,40
13114,69,41
13114,110,42
13114,73,5
13114,71,6
13114,123,7
13114,71,8
13114,39,9
13114,12,1
13114,42,10
13114,35,11
13114,45,12
13114,46,13
13114,42,15
13114,18,16
13114,36,17
13114,417,18
13114,52,19
13114,18,2
13114,76,20
13114,78,21
13114,81,22
13114,517,23
13114,58,24
13114,65,25
13114,66,26
13114,53,27
13114,68,28
13114,128,29
13114,19,3
13114,83,30
13114,143,31
13114,169,32
13114,0,33
13114,151,34
13114,92,35
13114,61,37
13114,34,38
13114,103,39
13114,25,4
13114,100,40
13114,112,41
13114,191,42
13114,72,43
13114,100,44
13114,116,45
13114,13,46
13114,110,47
13114,69,48
13114,97,49
13114,142,5
13114,131,50
13114,112,500
13114,143,501
13114,69,51
13114,35,52
13114,33,53
13114,37,55
13114,43,56
13114,33,57
13114,23,58
13114,44,6
13114,97,60
13114,165,61
13114,131,62
13114,103,63
13114,14,64
13114,44,65
13114,28,67
13114,32,68
13114,51,7
13114,46,8
13114,50,9
13114,25,1
13114,174,10
13114,124,11
13114,226,12
13114,189,13
13114,156,14
13114,112,15
13114,106,16
13114,105,17
13114,42,18
13114,53,19
13114,136,2
13114,45,20
13114,48,21
13114,74,22
13114,71,23
13114,54,24
13114,323,25
13114,124,26
13114,45,27
13114,186,28
13114,127,29
13114,80,3
13114,117,30
13114,164,33
13114,56,34
13114,136,35
13114,104,36
13114,39,37
13114,465,38
13114,66,4
13114,91,5
13114,83,500
13114,82,6
13114,122,7
13114,40,8
13114,207,9
13114,161,1
13114,143,10
13114,200,11
13114,1675,12
13114,167,13
13114,98,14
13114,61,15
13114,67,16
13114,138,17
13114,71,18
13114,91,2
13114,101,3
13114,55,4
13114,273,500
13114,239,7
13114,403,8
13114,162,9
13114,244,10
13114,210,11
13114,162,12
13114,28,13
13114,133,14
13114,405,15
13114,567,17
13114,84,2
13114,529,20
13114,298,21
13114,314,22
13114,205,29
13114,201,3
13114,661,30
13114,70,31
13114,34,32
13114,50,34
13114,88,35
13114,191,36
13114,73,37
13114,95,38
13114,105,39
13114,346,4
13114,88,40
13114,111,41
13114,115,42
13114,36,43
13114,27,5
13114,612,500
13114,86,6
13114,327,7
13114,79,9
13114,35,901
13114,48,1
13114,63,10
13114,44,11
13114,471,13
13114,40,14
13114,79,15
13114,80,16
13114,79,17
13114,116,18
13114,47,19
13114,71,2
13114,65,20
13114,55,21
13114,61,22
13114,87,23
13114,91,24
13114,86,25
13114,177,26
13114,135,27
13114,73,28
13114,46,29
13114,43,3
13114,37,30
13114,86,31
13114,69,32
13114,50,33
13114,76,34
13114,78,35
13114,101,36
13114,85,37
13114,77,38
13114,107,39
13114,61,4
13114,55,40
13114,52,41
13114,57,42
13114,170,5
13114,33,7
13114,74,8
13114,54,9
13114,43,10
13114,25,11
13114,54,12
13114,29,13
13114,81,14
13114,71,15
13114,33,16
13114,95,17
13114,24,18
13114,86,19
13114,55,2
13114,44,20
13114,27,21
13114,88,22
13114,53,23
13114,30,24
13114,54,25
13114,55,26
13114,88,27
13114,23,28
13114,70,29
13114,78,3
13114,81,30
13114,154,31
13114,86,32
13114,72,33
13114,62,34
13114,67,36
13114,56,37
13114,64,38
13114,96,39
13114,64,40
13114,89,41
13114,63,43
13114,39,44
13114,63,45
13114,28,46
13114,44,47
13114,1245,48
13114,44,5
13114,45,6
13114,48,7
13114,38,8
13114,29,9
13114,87,901
13114,85,1
13114,89,10
13114,52,11
13114,49,12
13114,69,13
13114,56,14
13114,67,15
13114,920,16
13114,59,17
13114,53,18
13114,61,19
13114,83,2
13114,88,20
13114,80,21
13114,82,22
13114,54,23
13114,0,24
13114,61,25
13114,41,26
13114,73,27
13114,49,28
13114,94,29
13114,86,3
13114,87,30
13114,79,31
13114,28,4
13114,35,5
13114,61,6
13114,1165,7
13114,46,8
13114,47,9
13114,76,1
13114,74,10
13114,87,11
13114,91,12
13114,91,13
13114,94,14
13114,775,15
13114,250,16
13114,79,17
13114,85,18
13114,314,19
13114,77,2
13114,67,21
13114,69,22
13114,67,23
13114,82,24
13114,74,25
13114,85,26
13114,71,27
13114,1109,28
13114,88,3
13114,88,4
13114,80,5
13114,65,7
13114,70,9
13114,1529,1
13114,67,10
13114,64,11
13114,66,12
13114,63,13
13114,67,14
13114,83,16
13114,65,17
13114,71,18
13114,59,19
13114,73,2
13114,71,20
13114,66,21
13114,56,22
13114,69,23
13114,70,24
13114,44,26
13114,54,27
13114,67,3
13114,65,4
13114,49,5
13114,73,6
13114,93,7
13114,79,8
13114,77,9
13114,638,1
13114,556,2
13114,547,3
13114,391,4
13114,406,5
13114,355,6
13114,658,7
13114,78,10
13114,110,11
13114,72,12
13114,56,13
13114,513,14
13114,29,15
13114,32,16
13114,91,17
13114,151,18
13114,102,19
13114,45,2
13114,78,20
13114,130,21
13114,128,22
13114,74,23
13114,162,24
13114,89,25
13114,81,26
13114,69,27
13114,83,28
13114,74,29
13114,52,3
13114,102,30
13114,161,31
13114,111,32
13114,95,33
13114,61,34
13114,220,35
13114,242,36
13114,42,37
13114,46,4
13114,13,5
13114,254,6
13114,23,7
13114,141,8
13114,167,9
13114,248,1
13114,81,10
13114,82,11
13114,190,12
13114,120,13
13114,104,14
13114,30,15
13114,170,16
13114,192,17
13114,235,18
13114,49,19
13114,227,2
13114,136,20
13114,314,21
13114,139,22
13114,161,23
13114,125,24
13114,187,25
13114,136,26
13114,77,27
13114,194,28
13114,128,29
13114,83,3
13114,87,4
13114,220,5
13114,29,6
13114,29,7
13114,166,8
13114,72,9
13114,2153,1
13114,1010,2
13114,958,3
13114,358,999
13120,282,1
13120,317,2
13120,280,3
13120,596,4
13120,269,5
13120,55,6
13120,490,7
13120,42,1
13120,39,10
13120,35,11
13120,37,12
13120,98,13
13120,847,14
13120,1251,15
13120,272,16
13120,277,17
13120,458,18
13120,63,2
13120,109,3
13120,69,4
13120,44,5
13120,56,6
13120,37,7
13120,95,8
13120,36,9
13120,337,1
13120,187,10
13120,474,2
13120,215,3
13120,616,4
13120,423,5
13120,67,6
13120,383,7
13120,501,8
13120,871,9
13120,637,1
13120,608,3
13120,1019,4
13120,338,5
13120,508,901
13120,539,10
13120,33,11
13120,128,2
13120,83,3
13120,20,4
13120,1590,5
13120,33,6
13120,621,7
13120,719,9
13120,2648,1
13120,124,2
13120,49,3
13120,149,4
13120,1408,5
13120,131,1
13120,680,2
13120,222,3
13120,818,4
13120,164,5
13120,142,6
13120,380,7
13120,0,8
13120,765,9
13120,1197,1
13120,788,2
13120,185,3
13120,396,4
13120,772,5
13120,424,1
13120,1229,2
13120,621,3
13120,477,4
13120,756,6
13120,45,1
13120,26,10
13120,77,12
13120,251,13
13120,1083,15
13120,33,2
13120,129,5
13120,513,6
13120,85,7
13120,295,8
13120,135,9
13120,713,1
13120,138,10
13120,33,11
13120,227,12
13120,31,13
13120,404,14
13120,48,15
13120,18,16
13120,29,17
13120,116,18
13120,36,2
13120,830,3
13120,434,4
13120,0,6
13120,29,7
13120,279,8
13120,79,9
13120,71,1
13120,95,10
13120,407,11
13120,470,12
13120,69,13
13120,58,14
13120,43,15
13120,77,17
13120,16,3
13120,20,4
13120,43,5
13120,56,6
13120,1442,7
13120,476,8
13120,96,9
13120,53,901
13120,537,1
13120,487,2
13120,837,3
13120,1528,4
13120,736,1
13120,599,2
13120,1047,3
13120,436,4
13120,429,5
13120,78,6
13120,105,7
13120,1264,1
13120,64,10
13120,96,11
13120,230,2
13120,487,3
13120,870,4
13120,21,5
13120,39,6
13120,245,7
13120,307,9
13120,141,1
13120,45,10
13120,71,11
13120,60,12
13120,53,13
13120,56,14
13120,468,15
13120,24,16
13120,126,17
13120,108,18
13120,67,19
13120,64,2
13120,48,20
13120,51,21
13120,66,22
13120,13,23
13120,30,24
13120,92,25
13120,77,26
13120,47,27
13120,63,28
13120,49,29
13120,62,3
13120,56,30
13120,98,31
13120,41,32
13120,51,33
13120,69,34
13120,60,35
13120,35,36
13120,65,37
13120,222,38
13120,113,4
13120,153,5
13120,113,6
13120,64,7
13120,97,8
13120,146,9
13120,20,1
13120,364,10
13120,90,11
13120,32,12
13120,501,13
13120,606,14
13120,36,15
13120,135,16
13120,361,2
13120,90,3
13120,261,4
13120,250,5
13120,278,6
13120,242,7
13120,128,8
13120,136,9
13120,144,1
13120,14,10
13120,69,11
13120,446,12
13120,318,13
13120,567,14
13120,471,15
13120,0,16
13120,25,17
13120,33,18
13120,92,19
13120,30,2
13120,556,20
13120,874,21
13120,15,3
13120,109,4
13120,212,5
13120,116,6
13120,49,7
13120,21,8
13120,49,9
13120,13,1
13120,41,10
13120,362,11
13120,573,12
13120,547,13
13120,15,14
13120,17,2
13120,56,3
13120,138,4
13120,436,5
13120,281,6
13120,254,7
13120,103,8
13120,30,9
13120,385,901
13120,426,1
13120,61,10
13120,36,11
13120,707,12
13120,459,13
13120,297,2
13120,65,3
13120,54,4
13120,82,6
13120,85,7
13120,75,8
13120,143,9
13120,23,1
13120,155,2
13120,410,3
13120,23,4
13120,108,5
13120,1120,6
13120,870,7
13120,836,8
13120,774,1
13120,417,10
13120,32,11
13120,635,2
13120,85,3
13120,512,4
13120,126,5
13120,53,6
13120,40,7
13120,48,8
13120,47,9
13120,270,1
13120,26,10
13120,439,2
13120,306,4
13120,147,5
13120,523,6
13120,80,7
13120,167,8
13120,41,901
13120,44,1
13120,65,10
13120,79,11
13120,30,12
13120,69,13
13120,52,14
13120,93,15
13120,403,2
13120,463,3
13120,415,4
13120,323,5
13120,111,6
13120,68,7
13120,99,8
13120,687,9
13120,811,1
13120,734,2
13120,917,3
13120,221,4
13120,97,5
13120,23,6
13120,110,7
13120,533,8
13120,558,9
13120,241,1
13120,120,10
13120,153,11
13120,254,12
13120,306,13
13120,118,14
13120,146,15
13120,230,16
13120,46,17
13120,238,18
13120,319,19
13120,421,2
13120,142,20
13120,148,21
13120,105,22
13120,43,23
13120,144,3
13120,154,4
13120,164,5
13120,76,6
13120,133,7
13120,226,8
13120,407,9
13120,109,1
13120,100,10
13120,198,11
13120,81,12
13120,99,13
13120,70,14
13120,207,15
13120,116,16
13120,100,17
13120,128,18
13120,162,19
13120,155,2
13120,294,20
13120,53,21
13120,84,22
13120,51,23
13120,53,24
13120,278,25
13120,495,26
13120,147,27
13120,63,28
13120,141,29
13120,204,3
13120,329,30
13120,274,31
13120,154,4
13120,137,5
13120,41,6
13120,43,7
13120,61,8
13120,65,9
13120,152,1
13120,84,10
13120,28,11
13120,252,12
13120,103,13
13120,116,14
13120,310,2
13120,704,3
13120,605,4
13120,305,5
13120,200,6
13120,94,7
13120,83,8
13120,71,9
13120,568,1
13120,57,10
13120,50,11
13120,32,12
13120,35,13
13120,81,14
13120,91,15
13120,107,16
13120,60,17
13120,60,18
13120,51,19
13120,149,2
13120,111,20
13120,64,21
13120,37,22
13120,36,23
13120,41,24
13120,44,25
13120,42,26
13120,199,27
13120,31,28
13120,84,29
13120,122,3
13120,302,30
13120,19,31
13120,29,32
13120,120,33
13120,27,4
13120,49,5
13120,60,7
13120,79,9
13120,79,1
13120,160,10
13120,167,11
13120,141,12
13120,49,13
13120,325,14
13120,63,15
13120,202,16
13120,161,17
13120,116,18
13120,48,19
13120,178,2
13120,121,20
13120,98,21
13120,177,22
13120,174,23
13120,164,24
13120,73,3
13120,183,4
13120,218,5
13120,82,6
13120,434,7
13120,74,8
13120,132,9
13120,470,1
13120,494,10
13120,35,11
13120,51,12
13120,45,13
13120,81,14
13120,61,15
13120,40,16
13120,246,17
13120,173,18
13120,77,19
13120,62,2
13120,485,21
13120,240,22
13120,48,23
13120,107,3
13120,106,4
13120,50,5
13120,65,6
13120,24,7
13120,115,8
13120,87,9
13120,58,10
13120,63,11
13120,34,14
13120,49,15
13120,187,16
13120,54,17
13120,53,18
13120,505,19
13120,308,2
13120,68,20
13120,37,22
13120,56,23
13120,319,24
13120,66,25
13120,57,3
13120,1125,4
13120,167,5
13120,68,6
13120,46,7
13120,83,8
13120,67,9
13120,142,901
13120,261,1
13120,508,2
13120,0,3
13120,295,4
13120,484,5
13120,1209,6
13120,163,1
13120,732,2
13120,3318,3
13120,516,4
13120,726,5
13120,250,6
13120,359,1
13120,140,10
13120,167,11
13120,81,12
13120,470,16
13120,1174,2
13120,226,3
13120,393,4
13120,32,5
13120,375,500
13120,176,6
13120,11,7
13120,78,8
13120,134,9
13120,458,1
13120,53,10
13120,37,11
13120,26,12
13120,50,14
13120,43,15
13120,36,17
13120,53,18
13120,47,19
13120,48,2
13120,35,20
13120,70,22
13120,34,23
13120,92,24
13120,451,25
13120,87,26
13120,74,28
13120,71,29
13120,104,3
13120,52,30
13120,60,31
13120,52,33
13120,49,34
13120,73,36
13120,81,37
13120,93,38
13120,480,40
13120,54,5
13120,29,6
13120,42,7
13120,38,8
13120,73,9
13120,2516,1
13120,192,2
13120,48,3
13120,39,4
13120,44,5
13120,47,6
13120,64,7
13120,50,1
13120,48,10
13120,80,11
13120,91,12
13120,72,13
13120,75,14
13120,76,15
13120,59,16
13120,42,17
13120,27,18
13120,39,19
13120,28,2
13120,34,20
13120,43,22
13120,30,25
13120,42,26
13120,48,27
13120,31,28
13120,14,3
13120,39,30
13120,76,31
13120,70,32
13120,74,34
13120,62,35
13120,66,36
13120,83,37
13120,87,39
13120,43,4
13120,71,40
13120,48,41
13120,79,43
13120,391,44
13120,64,45
13120,296,46
13120,453,47
13120,82,48
13120,59,49
13120,175,5
13120,102,50
13120,242,51
13120,163,6
13120,148,7
13120,337,8
13120,59,9
13120,38,901
13120,332,1
13120,97,10
13120,183,2
13120,273,3
13120,98,4
13120,501,5
13120,572,6
13120,314,7
13120,96,9
13120,403,1
13120,49,10
13120,137,11
13120,445,12
13120,46,13
13120,45,14
13120,12,15
13120,12,16
13120,15,17
13120,32,18
13120,20,19
13120,244,2
13120,40,20
13120,14,21
13120,103,22
13120,50,23
13120,107,24
13120,59,25
13120,25,26
13120,23,27
13120,22,28
13120,31,29
13120,648,3
13120,32,30
13120,17,31
13120,28,32
13120,46,33
13120,22,34
13120,38,35
13120,19,36
13120,34,37
13120,191,38
13120,50,39
13120,547,4
13120,46,40
13120,40,41
13120,110,42
13120,35,43
13120,43,44
13120,42,45
13120,39,46
13120,61,47
13120,48,48
13120,22,49
13120,97,5
13120,30,50
13120,27,51
13120,41,54
13120,42,55
13120,36,56
13120,35,57
13120,25,58
13120,94,6
13120,120,7
13120,108,8
13120,86,9
13120,43,901
13120,2111,1
13120,38,10
13120,294,2
13120,277,3
13120,283,4
13120,232,5
13120,120,6
13120,92,7
13120,90,8
13120,105,9
13120,567,1
13120,629,2
13120,726,4
13120,575,5
13120,1751,1
13120,97,14
13120,45,15
13120,58,16
13120,65,19
13120,238,2
13120,89,21
13120,77,23
13120,93,24
13120,74,26
13120,67,27
13120,546,28
13120,23,29
13120,76,3
13120,77,4
13120,81,5
13120,87,6
13120,95,7
13120,123,8
13120,75,9
13120,13,901
13120,1078,1
13120,1017,2
13120,1130,3
13120,604,1
13120,71,11
13120,86,12
13120,58,13
13120,92,15
13120,79,16
13120,73,17
13120,68,18
13120,82,19
13120,71,20
13120,80,21
13120,78,22
13120,339,23
13120,332,24
13120,342,4
13120,171,5
13120,171,6
13120,176,7
13120,65,8
13120,66,9
13120,87,1
13120,81,10
13120,500,11
13120,399,12
13120,119,13
13120,204,14
13120,69,15
13120,63,16
13120,60,17
13120,82,18
13120,82,2
13120,64,20
13120,56,21
13120,86,22
13120,80,25
13120,96,26
13120,423,28
13120,30,3
13120,45,4
13120,70,5
13120,85,6
13120,64,7
13120,108,8
13120,64,901
13120,953,1
13120,99,10
13120,68,11
13120,107,13
13120,103,14
13120,99,15
13120,65,17
13120,84,18
13120,73,19
13120,84,2
13120,227,20
13120,84,21
13120,70,22
13120,364,23
13120,723,24
13120,62,25
13120,106,26
13120,45,27
13120,107,3
13120,36,4
13120,84,6
13120,99,7
13120,0,8
13120,52,9
13120,94,901
13120,661,1
13120,713,2
13120,462,3
13120,145,4
13120,266,5
13120,898,1
13120,869,2
13120,374,3
13120,949,4
13120,394,5
13120,471,6
13120,199,1
13120,112,10
13120,0,11
13120,79,12
13120,215,14
13120,133,15
13120,417,2
13120,1694,3
13120,410,4
13120,783,5
13120,49,6
13120,10,7
13120,32,8
13120,94,9
13120,509,1
13120,1954,2
13120,565,3
13120,31,1
13120,661,11
13120,294,12
13120,407,13
13120,23,2
13120,662,3
13120,90,4
13120,129,6
13120,166,7
13120,70,8
13120,68,9
13120,615,901
13120,66,1
13120,44,10
13120,36,11
13120,45,12
13120,60,13
13120,53,14
13120,43,16
13120,53,17
13120,46,18
13120,63,2
13120,45,20
13120,78,21
13120,75,22
13120,60,23
13120,54,24
13120,81,25
13120,359,26
13120,1700,27
13120,483,28
13120,63,3
13120,59,4
13120,42,5
13120,65,6
13120,29,8
13120,44,9
13120,152,901
13120,250,1
13120,75,10
13120,129,11
13120,325,2
13120,55,3
13120,79,4
13120,1069,5
13120,35,6
13120,78,7
13120,96,8
13120,98,9
13120,94,1
13120,107,10
13120,83,11
13120,76,12
13120,115,13
13120,103,14
13120,76,15
13120,105,16
13120,54,18
13120,64,19
13120,171,2
13120,62,20
13120,31,21
13120,5,22
13120,180,23
13120,56,25
13120,72,26
13120,48,28
13120,60,29
13120,306,3
13120,44,30
13120,45,31
13120,37,32
13120,40,34
13120,36,35
13120,37,36
13120,84,37
13120,89,38
13120,80,39
13120,48,4
13120,59,5
13120,44,6
13120,114,7
13120,105,8
13120,150,9
13120,81,901
13120,75,10
13120,68,12
13120,59,13
13120,64,14
13120,56,17
13120,111,19
13120,119,2
13120,40,20
13120,66,21
13120,66,22
13120,77,23
13120,77,24
13120,74,25
13120,70,27
13120,89,28
13120,115,29
13120,99,3
13120,69,30
13120,101,31
13120,60,32
13120,68,33
13120,78,34
13120,68,35
13120,114,36
13120,44,37
13120,69,38
13120,81,39
13120,105,4
13120,131,40
13120,48,41
13120,96,42
13120,47,43
13120,86,5
13120,61,6
13120,68,7
13120,84,8
13120,111,9
13120,77,901
13120,43,1
13120,80,10
13120,60,11
13120,57,12
13120,67,13
13120,47,14
13120,44,15
13120,63,17
13120,64,18
13120,55,19
13120,35,2
13120,44,20
13120,62,21
13120,49,22
13120,31,23
13120,26,24
13120,60,28
13120,38,3
13120,60,30
13120,65,31
13120,51,32
13120,54,33
13120,55,34
13120,57,35
13120,54,36
13120,24,37
13120,33,38
13120,67,4
13120,79,5
13120,71,7
13120,36,8
13120,59,9
13120,102,901
13120,8,1
13120,96,10
13120,193,11
13120,61,12
13120,69,13
13120,272,14
13120,342,15
13120,111,16
13120,107,17
13120,80,18
13120,62,19
13120,34,2
13120,70,20
13120,90,21
13120,68,22
13120,99,26
13120,135,27
13120,26,29
13120,152,3
13120,53,30
13120,58,31
13120,32,4
13120,54,5
13120,43,6
13120,37,7
13120,308,8
13120,53,9
13120,3301,1
13120,363,2
13120,110,3
13120,828,4
13120,105,6
13120,128,7
13120,105,8
13120,121,9
13120,746,1
13120,1666,2
13120,235,3
13120,445,4
13120,414,5
13120,453,6
13120,878,1
13120,654,2
13120,494,3
13120,54,4
13120,484,5
13120,532,6
13120,40,7
13120,496,8
13120,189,999
13123,526,12
13123,59,13
13123,134,14
13123,0,16
13123,11,18
13123,180,19
13123,235,3
13123,24,4
13123,193,5
13123,711,500
13123,13,7
13123,10,8
13123,30,9
13123,16,901
13123,22,1
13123,49,10
13123,317,11
13123,22,12
13123,126,13
13123,54,14
13123,255,3
13123,118,4
13123,522,5
13123,483,6
13123,193,7
13123,350,8
13123,143,9
13123,384,1
13123,71,10
13123,52,11
13123,61,12
13123,107,14
13123,23,15
13123,158,16
13123,376,17
13123,283,18
13123,59,2
13123,386,3
13123,46,4
13123,174,500
13123,158,7
13123,52,9
13123,49,901
13123,18,1
13123,395,10
13123,169,11
13123,15,12
13123,25,13
13123,163,14
13123,40,15
13123,239,17
13123,35,18
13123,46,19
13123,242,2
13123,80,20
13123,180,21
13123,522,3
13123,524,4
13123,220,5
13123,85,6
13123,34,8
13123,118,9
13123,34,901
13123,320,1
13123,136,10
13123,27,12
13123,21,13
13123,52,14
13123,51,15
13123,41,16
13123,77,17
13123,323,18
13123,129,19
13123,111,2
13123,196,20
13123,46,21
13123,22,22
13123,60,23
13123,55,24
13123,16,3
13123,153,5
13123,52,500
13123,25,501
13123,66,6
13123,100,7
13123,77,8
13123,61,9
13123,190,1
13123,48,10
13123,126,11
13123,94,13
13123,115,14
13123,175,18
13123,116,2
13123,185,3
13123,39,4
13123,50,5
13123,568,500
13123,43,6
13123,122,7
13123,96,8
13123,330,9
13123,390,901
13123,96,1
13123,164,2
13123,123,3
13123,155,4
13123,380,5
13123,737,6
13123,33,1
13123,308,3
13123,388,500
13123,931,501
13123,2888,1
13123,572,2
13123,129,3
13123,0,1
13123,209,10
13123,738,11
13123,247,12
13123,108,13
13123,258,14
13123,0,3
13123,30,4
13123,217,5
13123,102,6
13123,49,7
13123,136,9
13123,234,901
13123,728,1
13123,449,10
13123,42,2
13123,90,3
13123,48,4
13123,336,5
13123,288,7
13123,1334,9
13123,209,901
13123,3730,1
13123,140,1
13123,84,13
13123,448,14
13123,173,3
13123,102,4
13123,1319,5
13123,61,7
13123,63,8
13123,31,901
13123,62,1
13123,556,2
13123,259,3
13123,679,5
13123,454,500
13123,584,6
13123,248,7
13123,205,1
13123,229,10
13123,83,11
13123,1249,12
13123,362,13
13123,219,14
13123,49,15
13123,187,16
13123,255,2
13123,185,3
13123,259,4
13123,130,5
13123,478,6
13123,574,7
13123,51,8
13123,64,9
13123,75,1
13123,180,2
13123,30,3
13123,581,5
13123,240,6
13123,378,7
13123,56,8
13123,291,9
13123,319,1
13123,320,2
13123,452,3
13123,334,4
13123,586,5
13123,1071,6
13123,375,1
13123,235,10
13123,436,12
13123,450,13
13123,263,14
13123,156,2
13123,91,3
13123,65,5
13123,243,6
13123,85,7
13123,261,8
13123,203,9
13123,40,1
13123,43,2
13123,64,3
13123,319,4
13123,258,5
13123,155,6
13123,979,7
13123,804,1
13123,521,2
13123,442,3
13123,400,4
13123,0,5
13123,780,6
13123,733,2
13123,970,3
13123,391,4
13123,398,5
13123,203,6
13123,331,7
13123,373,901
13123,195,1
13123,583,2
13123,516,3
13123,821,4
13123,525,5
13123,177,1
13123,60,2
13123,308,4
13123,285,5
13123,20,6
13123,100,8
13123,662,901
13123,137,10
13123,106,11
13123,130,12
13123,91,13
13123,379,3
13123,239,4
13123,96,5
13123,440,500
13123,213,6
13123,462,7
13123,285,8
13123,155,9
13123,750,1
13123,1335,2
13123,253,1
13123,281,10
13123,371,11
13123,134,5
13123,599,6
13123,380,7
13123,432,8
13123,692,9
13123,205,1
13123,622,2
13123,189,3
13123,477,4
13123,451,5
13123,466,6
13123,625,7
13123,522,8
13123,170,1
13123,171,10
13123,87,11
13123,171,12
13123,721,2
13123,578,3
13123,196,5
13123,77,6
13123,71,7
13123,82,8
13123,74,9
13123,548,2
13123,237,3
13123,783,4
13123,118,5
13123,390,6
13123,500,1
13123,277,3
13123,305,4
13123,118,5
13123,191,500
13123,31,501
13123,675,6
13123,206,7
13123,650,8
13123,300,1
13123,291,10
13123,0,11
13123,492,12
13123,385,3
13123,383,4
13123,175,5
13123,415,6
13123,346,7
13123,320,8
13123,250,9
13123,369,1
13123,158,10
13123,106,11
13123,124,12
13123,100,13
13123,221,14
13123,72,15
13123,81,16
13123,67,17
13123,69,18
13123,55,19
13123,251,2
13123,174,20
13123,25,23
13123,110,24
13123,60,25
13123,103,26
13123,35,27
13123,33,28
13123,34,29
13123,109,3
13123,121,30
13123,66,31
13123,67,32
13123,77,33
13123,85,34
13123,113,36
13123,73,37
13123,94,38
13123,124,39
13123,362,4
13123,75,40
13123,106,41
13123,74,42
13123,69,43
13123,63,44
13123,52,45
13123,172,5
13123,59,6
13123,56,7
13123,51,8
13123,50,9
13123,566,1
13123,305,10
13123,111,11
13123,227,12
13123,44,13
13123,60,14
13123,42,15
13123,68,16
13123,74,17
13123,299,2
13123,422,3
13123,200,4
13123,199,5
13123,241,7
13123,659,8
13123,142,9
13123,637,1
13123,924,2
13123,358,3
13123,668,4
13123,205,5
13123,296,6
13123,468,8
13123,563,10
13123,329,11
13123,34,3
13123,80,4
13123,23,5
13123,94,6
13123,391,7
13123,387,8
13123,318,9
13123,485,901
13123,898,1
13123,270,3
13123,297,4
13123,531,5
13123,333,6
13123,56,7
13123,630,901
13123,184,1
13123,568,2
13123,358,3
13123,318,4
13123,442,5
13123,457,6
13123,317,8
13123,868,9
13123,556,1
13123,352,2
13123,351,3
13123,175,4
13123,322,5
13123,596,6
13123,478,7
13123,508,8
13123,198,1
13123,171,10
13123,198,11
13123,74,12
13123,159,14
13123,92,15
13123,71,16
13123,121,17
13123,206,18
13123,126,19
13123,179,2
13123,80,21
13123,70,22
13123,44,23
13123,132,24
13123,180,26
13123,150,27
13123,168,28
13123,50,29
13123,55,3
13123,28,30
13123,40,31
13123,93,32
13123,55,33
13123,288,34
13123,236,35
13123,89,37
13123,143,39
13123,110,4
13123,203,5
13123,265,6
13123,100,7
13123,78,8
13123,150,9
13123,100,901
13123,116,10
13123,125,11
13123,128,12
13123,60,13
13123,70,14
13123,105,15
13123,132,16
13123,115,17
13123,223,18
13123,155,19
13123,757,2
13123,140,20
13123,388,22
13123,362,3
13123,95,4
13123,49,5
13123,74,6
13123,911,7
13123,20,8
13123,20,9
13123,137,10
13123,370,11
13123,178,12
13123,272,13
13123,107,14
13123,433,3
13123,371,5
13123,142,6
13123,332,7
13123,373,9
13123,86,1
13123,145,11
13123,163,12
13123,122,14
13123,13,15
13123,60,17
13123,48,18
13123,62,2
13123,157,20
13123,148,21
13123,42,23
13123,66,24
13123,102,27
13123,125,28
13123,316,30
13123,85,31
13123,103,32
13123,720,4
13123,253,5
13123,119,6
13123,27,7
13123,36,8
13123,274,9
13123,46,901
13123,285,1
13123,100,11
13123,40,12
13123,12,14
13123,204,15
13123,99,16
13123,562,17
13123,201,2
13123,40,3
13123,296,4
13123,73,5
13123,37,6
13123,49,7
13123,14,8
13123,55,9
13123,117,901
13123,174,10
13123,133,11
13123,52,12
13123,26,13
13123,92,14
13123,92,15
13123,258,16
13123,200,3
13123,359,4
13123,268,5
13123,245,6
13123,200,7
13123,220,8
13123,212,9
13123,6,901
13123,74,10
13123,499,11
13123,98,12
13123,14,13
13123,59,14
13123,19,15
13123,43,16
13123,18,17
13123,53,18
13123,757,2
13123,269,20
13123,24,21
13123,372,26
13123,53,3
13123,16,4
13123,156,500
13123,20,6
13123,13,7
13123,64,8
13123,21,9
13123,358,901
13123,0,1
13123,23,10
13123,50,11
13123,80,12
13123,56,13
13123,75,19
13123,24,2
13123,123,20
13123,62,21
13123,69,22
13123,65,23
13123,62,24
13123,72,25
13123,90,26
13123,95,27
13123,64,28
13123,43,29
13123,34,3
13123,45,30
13123,48,31
13123,65,32
13123,68,33
13123,33,36
13123,27,4
13123,77,40
13123,73,41
13123,70,42
13123,92,43
13123,74,44
13123,244,45
13123,491,46
13123,94,47
13123,81,48
13123,157,49
13123,9,50
13123,14,6
13123,126,7
13123,93,8
13123,77,9
13123,66,901
13123,42,1
13123,22,11
13123,50,12
13123,143,2
13123,20,3
13123,260,4
13123,15,5
13123,73,6
13123,292,7
13123,15,8
13123,79,2
13123,150,3
13123,541,4
13123,711,5
13123,39,10
13123,10,13
13123,31,14
13123,3,15
13123,254,18
13123,176,19
13123,10,2
13123,235,21
13123,16,22
13123,53,23
13123,226,26
13123,30,27
13123,33,4
13123,29,500
13123,177,501
13123,72,6
13123,243,7
13123,304,8
13123,55,9
13123,182,901
13123,5,2
13123,93,3
13123,112,4
13123,661,5
13123,374,6
13123,383,7
13123,197,2
13123,23,4
13123,20,5
13123,167,6
13123,417,7
13123,322,8
13123,360,9
13123,416,901
13123,93,999
